[
    {
        "item_id": "T001",
        "name": "Basic White T-Shirt",
        "category": "top",
        "color_family": "white",
        "palette_role": "neutral",
        "silhouette": "regular fit",
        "texture": "cotton",
        "aesthetic_tags": [
            "clean girl",
            "cool girl",
            "minimal"
        ],
        "season": [
            "summer",
            "winter",
            "spring"
        ],
        "occasion": [
            "casual",
            "travel"
        ]
    },
    {
        "item_id": "T002",
        "name": "Basic Black T-Shirt",
        "category": "top",
        "color_family": "black",
        "palette_role": "neutral-dark",
        "silhouette": "regular fit",
        "texture": "cotton",
        "aesthetic_tags": [
            "black swan",
            "street chic"
        ],
        "season": [
            "autumn",
            "winter"
        ],
        "occasion": [
            "casual",
            "day out"
        ]
    },
    {
        "item_id": "T003",
        "name": "Brown Basic T-Shirt",
        "category": "top",
        "color_family": "brown",
        "palette_role": "earth-tone",
        "silhouette": "regular fit",
        "texture": "cotton",
        "aesthetic_tags": [
            "fall core",
            "boho chic"
        ],
        "season": [
            "autumn",
            "winter"
        ],
        "occasion": [
            "casual"
        ]
    },
    {
        "item_id": "T004",
        "name": "White Ribbed Tank Top",
        "category": "top",
        "color_family": "white",
        "palette_role": "neutral",
        "silhouette": "fitted",
        "texture": "ribbed",
        "aesthetic_tags": [
            "clean girl",
            "street chic",
            "cool girl"
        ],
        "season": [
            "summer"
        ],
        "occasion": [
            "casual",
            "everyday"
        ]
    },
    {
        "item_id": "T005",
        "name": "Graphic Baby Tee",
        "category": "top",
        "color_family": "white",
        "palette_role": "neutral",
        "silhouette": "crop",
        "texture": "cotton",
        "aesthetic_tags": [
            "cool girl",
            "street chic"
        ],
        "season": [
            "summer",
            "winter"
        ],
        "occasion": [
            "casual",
            "college"
        ]
    },
    {
        "item_id": "T006",
        "name": "Sheer Black Top",
        "category": "top",
        "color_family": "black",
        "palette_role": "dark statement",
        "silhouette": "sheer",
        "texture": "mesh",
        "aesthetic_tags": [
            "black swan",
            "evening",
            "cool girl"
        ],
        "season": [
            "autumn",
            "summer"
        ],
        "occasion": [
            "party",
            "evening"
        ]
    },
    {
        "item_id": "T007",
        "name": "Ruched Dressy Top",
        "category": "top",
        "color_family": "beige",
        "palette_role": "neutral-warm",
        "silhouette": "ruched",
        "texture": "polyester",
        "aesthetic_tags": [
            "feminine",
            "desi feminine"
        ],
        "season": [
            "summer",
            "spring"
        ],
        "occasion": [
            "dinner",
            "outings"
        ]
    },
    {
        "item_id": "T008",
        "name": "Short Kurta",
        "category": "top",
        "color_family": "sage green",
        "palette_role": "earth-tone",
        "silhouette": "kurta",
        "texture": "cotton",
        "aesthetic_tags": [
            "desi feminine",
            "boho chic"
        ],
        "season": [
            "summer",
            "spring",
            "winter",
            "autumn",
            "monsoon"
        ],
        "occasion": [
            "casual",
            "festive"
        ]
    },
    {
        "item_id": "B001",
        "name": "Light Washed Denim",
        "category": "bottom",
        "color_family": "denim blue",
        "palette_role": "neutral",
        "silhouette": "bootcut",
        "texture": "denim",
        "aesthetic_tags": [
            "cool girl",
            "street chic"
        ],
        "season": [
            "summer",
            "spring",
            "autumn"
        ],
        "occasion": [
            "casual",
            "college"
        ]
    },
    {
        "item_id": "B002",
        "name": "Dark Washed Denim",
        "category": "bottom",
        "color_family": "midnight blue",
        "palette_role": "neutral-dark",
        "silhouette": "wide leg",
        "texture": "denim",
        "aesthetic_tags": [
            "cool girl",
            "street chic"
        ],
        "season": [
            "winter",
            "autumn"
        ],
        "occasion": [
            "casual",
            "college"
        ]
    },
    {
        "item_id": "B003",
        "name": "Low Waist Wide Leg Jeans",
        "category": "bottom",
        "color_family": "denim blue",
        "palette_role": "neutral",
        "silhouette": "wide leg",
        "texture": "denim",
        "aesthetic_tags": [
            "street chic",
            "cool girl"
        ],
        "season": [
            "summer",
            "spring",
            "winter",
            "autumn"
        ],
        "occasion": [
            "casual",
            "college"
        ]
    },
    {
        "item_id": "B004",
        "name": "White Trousers",
        "category": "bottom",
        "color_family": "white",
        "palette_role": "neutral",
        "silhouette": "straight",
        "texture": "cotton",
        "aesthetic_tags": [
            "clean girl",
            "feminine"
        ],
        "season": [
            "spring",
            "summer"
        ],
        "occasion": [
            "casual",
            "events"
        ]
    },
    {
        "item_id": "B005",
        "name": "Black Trousers",
        "category": "bottom",
        "color_family": "black",
        "palette_role": "neutral-dark",
        "silhouette": "straight",
        "texture": "polyester",
        "aesthetic_tags": [
            "black swan",
            "cool girl"
        ],
        "season": [
            "winter",
            "autumn"
        ],
        "occasion": [
            "casual",
            "formal"
        ]
    },
    {
        "item_id": "D001",
        "name": "Black Puffy Sleeve Dress",
        "category": "dress",
        "color_family": "black",
        "palette_role": "dark statement",
        "silhouette": "fit and flare",
        "texture": "cotton",
        "aesthetic_tags": [
            "feminine",
            "black swan"
        ],
        "season": [
            "autumn",
            "winter",
            "spring"
        ],
        "occasion": [
            "casual",
            "evening"
        ]
    },
    {
        "item_id": "D002",
        "name": "Bodycon Black Dress",
        "category": "dress",
        "color_family": "black",
        "palette_role": "dark statement",
        "silhouette": "bodycon",
        "texture": "polyester",
        "aesthetic_tags": [
            "black swan",
            "cool girl"
        ],
        "season": [
            "summer",
            "monsoon",
            "winter"
        ],
        "occasion": [
            "party",
            "evening"
        ]
    },
    {
        "item_id": "D003",
        "name": "Floral Picnic Dress",
        "category": "dress",
        "color_family": "baby pink",
        "palette_role": "soft pastel",
        "silhouette": "fit and flare",
        "texture": "cotton",
        "aesthetic_tags": [
            "feminine",
            "boho chic",
            "literature"
        ],
        "season": [
            "spring",
            "summer"
        ],
        "occasion": [
            "picnic",
            "day out"
        ]
    },
    {
        "item_id": "BG001",
        "name": "Black Shoulder Baguette",
        "category": "bag",
        "color_family": "black",
        "palette_role": "neutral-dark",
        "silhouette": "baguette",
        "texture": "polyester",
        "aesthetic_tags": [
            "cool girl",
            "street chic"
        ],
        "season": [
            "summer",
            "winter",
            "spring",
            "autumn",
            "monsoon"
        ],
        "occasion": [
            "casual"
        ]
    },
    {
        "item_id": "BG002",
        "name": "Beige Shoulder Bag",
        "category": "bag",
        "color_family": "beige",
        "palette_role": "neutral-warm",
        "silhouette": "shoulder",
        "texture": "leather",
        "aesthetic_tags": [
            "feminine",
            "clean girl"
        ],
        "season": [
            "summer",
            "winter",
            "spring",
            "autumn",
            "monsoon"
        ],
        "occasion": [
            "casual"
        ]
    },
    {
        "item_id": "BG003",
        "name": "Blue Shoulder Bag",
        "category": "bag",
        "color_family": "baby blue",
        "palette_role": "pastel",
        "silhouette": "shoulder",
        "texture": "polyester",
        "aesthetic_tags": [
            "cool girl",
            "street chic"
        ],
        "season": [
            "summer",
            "winter",
            "spring",
            "autumn",
            "monsoon"
        ],
        "occasion": [
            "casual"
        ]
    },
    {
        "item_id": "BG004",
        "name": "White Shoulder Bag",
        "category": "bag",
        "color_family": "white",
        "palette_role": "neutral",
        "silhouette": "shoulder",
        "texture": "leather",
        "aesthetic_tags": [
            "clean girl",
            "minimal"
        ],
        "season": [
            "summer",
            "winter",
            "spring",
            "autumn",
            "monsoon"
        ],
        "occasion": [
            "casual",
            "events"
        ]
    },
    {
        "item_id": "BG005",
        "name": "Brown Sling Bag",
        "category": "bag",
        "color_family": "brown",
        "palette_role": "earth-tone",
        "silhouette": "sling",
        "texture": "leather",
        "aesthetic_tags": [
            "boho chic",
            "fall core"
        ],
        "season": [
            "summer",
            "winter",
            "spring",
            "autumn",
            "monsoon"
        ],
        "occasion": [
            "casual"
        ]
    },
    {
        "item_id": "SH001",
        "name": "Burgundy Shoes",
        "category": "shoes",
        "color_family": "maroon",
        "palette_role": "statement",
        "silhouette": "loafers",
        "texture": "leather",
        "aesthetic_tags": [
            "cool girl",
            "street chic"
        ],
        "season": [
            "autumn",
            "winter"
        ],
        "occasion": [
            "college",
            "casual"
        ]
    },
    {
        "item_id": "SH002",
        "name": "Black Loafers",
        "category": "shoes",
        "color_family": "black",
        "palette_role": "neutral-dark",
        "silhouette": "loafers",
        "texture": "leather",
        "aesthetic_tags": [
            "clean girl",
            "cool girl"
        ],
        "season": [
            "summer",
            "winter",
            "spring",
            "autumn",
            "monsoon"
        ],
        "occasion": [
            "college",
            "events"
        ]
    },
    {
        "item_id": "SH003",
        "name": "Beige Ballet Flats",
        "category": "shoes",
        "color_family": "beige",
        "palette_role": "neutral-warm",
        "silhouette": "flats",
        "texture": "polyester",
        "aesthetic_tags": [
            "feminine",
            "clean girl"
        ],
        "season": [
            "spring",
            "summer"
        ],
        "occasion": [
            "casual",
            "events"
        ]
    },
    {
        "item_id": "SH004",
        "name": "Kolhapuris",
        "category": "shoes",
        "color_family": "brown",
        "palette_role": "earth-tone",
        "silhouette": "sandals",
        "texture": "leather",
        "aesthetic_tags": [
            "desi feminine",
            "boho chic"
        ],
        "season": [
            "summer"
        ],
        "occasion": [
            "casual",
            "festive"
        ]
    }
]